{"cameraMode":{"drawMode":0,"name":"Shaded","section":"Shading Mode"},"sceneLighting":false,"audioPlay":false,"sceneViewState":{"showFog":true,"showMaterialUpdate":false,"showSkybox":true,"showFlares":true,"showImageEffects":true,"showParticleSystems":true},"in2DMode":false,"pivot":{"x":1.8352899551391602,"y":-0.07318258285522461,"z":1.0863351821899415},"rotation":{"x":-0.07196283340454102,"y":0.8945611119270325,"z":-0.15456540882587434,"w":-0.41346368193626406},"size":9.221662521362305,"orthographic":false}