{"cameraMode":{"drawMode":2,"name":"Shaded Wireframe","section":"Shading Mode"},"sceneLighting":false,"audioPlay":false,"sceneViewState":{"showFog":true,"showMaterialUpdate":false,"showSkybox":true,"showFlares":true,"showImageEffects":true,"showParticleSystems":true},"in2DMode":false,"pivot":{"x":-0.9999160766601563,"y":3.673450469970703,"z":-0.30524730682373049},"rotation":{"x":-0.13030119240283967,"y":-0.5923160314559937,"z":0.09809243679046631,"w":-0.7891634106636047},"size":19.19953155517578,"orthographic":false}