{"cameraMode":{"drawMode":2,"name":"Shaded Wireframe","section":"Shading Mode"},"sceneLighting":false,"audioPlay":false,"sceneViewState":{"showFog":true,"showMaterialUpdate":false,"showSkybox":true,"showFlares":true,"showImageEffects":true,"showParticleSystems":true},"in2DMode":false,"pivot":{"x":153.081298828125,"y":193.19371032714845,"z":124.12454223632813},"rotation":{"x":-0.004216496367007494,"y":-0.44613906741142275,"z":0.0023250330705195667,"w":-0.8950721621513367},"size":931.6189575195313,"orthographic":false}