{"cameraMode":{"drawMode":2,"name":"Shaded Wireframe","section":"Shading Mode"},"sceneLighting":false,"audioPlay":false,"sceneViewState":{"showFog":true,"showMaterialUpdate":false,"showSkybox":true,"showFlares":true,"showImageEffects":true,"showParticleSystems":true},"in2DMode":false,"pivot":{"x":217.39190673828126,"y":-4.017635345458984,"z":132.58868408203126},"rotation":{"x":-0.028994416818022729,"y":-0.40521740913391116,"z":0.013082257471978665,"w":-0.9137859344482422},"size":1007.0921630859375,"orthographic":false}