{"cameraMode":{"drawMode":0,"name":"Shaded","section":"Shading Mode"},"sceneLighting":false,"audioPlay":false,"sceneViewState":{"showFog":true,"showMaterialUpdate":false,"showSkybox":true,"showFlares":true,"showImageEffects":true,"showParticleSystems":true},"in2DMode":false,"pivot":{"x":1.14068603515625,"y":-2.702951431274414,"z":0.384490042924881},"rotation":{"x":-0.18950754404067994,"y":-0.6744028925895691,"z":0.18612070381641389,"w":-0.6891223788261414},"size":27.09039306640625,"orthographic":false}