{"cameraMode":{"drawMode":0,"name":"Shaded","section":"Shading Mode"},"sceneLighting":false,"audioPlay":false,"sceneViewState":{"showFog":true,"showMaterialUpdate":false,"showSkybox":true,"showFlares":true,"showImageEffects":true,"showParticleSystems":true},"in2DMode":false,"pivot":{"x":-1.0362415313720704,"y":-1.6172266006469727,"z":-3.3033454418182375},"rotation":{"x":-0.09186752885580063,"y":0.5458950996398926,"z":-0.05978052690625191,"w":-0.8308117389678955},"size":22.0,"orthographic":false}